"","ID","status","word1","word2","response","answer_key","accuracy","rt","attempt","NAtrials","contrast","cswl_list","item","trained","Task"
"1","5a09b895517dfb00013db8b8","complete","gosta.wav","t2_gostta.wav","y","m",0,346,1,NA,"hindi","B","24","0","AX_Pre-test"
"2","5a09b895517dfb00013db8b8","complete","tapsa.wav","t2_tapsa.wav","m","y",0,352,1,NA,"hindi","B","2","1","AX_Pre-test"
"3","5a09b895517dfb00013db8b8","complete","t2_gostta.wav","gosta.wav","y","m",0,359,1,NA,"hindi","B","16","0","AX_Pre-test"
"4","5a09b895517dfb00013db8b8","complete","ttapsa.wav","t2_ttapsa.wav","y","y",1,339,1,NA,"hindi","B","9","1","AX_Pre-test"
"5","5a09b895517dfb00013db8b8","complete","tapsa.wav","t2_ttapsa.wav","y","m",0,340,1,NA,"hindi","B","5","1","AX_Pre-test"
"6","5a09b895517dfb00013db8b8","complete","t2_gostta.wav","gostta.wav","m","y",0,348,1,NA,"hindi","B","20","0","AX_Pre-test"
"7","5a09b895517dfb00013db8b8","complete","t2_gosta.wav","gosta.wav","m","y",0,351,1,NA,"hindi","B","15","0","AX_Pre-test"
"8","5a09b895517dfb00013db8b8","complete","t2_ttapsa.wav","tapsa.wav","y","m",0,321,1,NA,"hindi","B","12","1","AX_Pre-test"
"9","5a09b895517dfb00013db8b8","complete","t2_gostta.wav","gostta.wav","y","y",1,360,1,NA,"hindi","B","21","0","AX_Pre-test"
"10","5a09b895517dfb00013db8b8","complete","t2_ttapsa.wav","tapsa.wav","y","m",0,331,1,NA,"hindi","B","10","1","AX_Pre-test"
"11","5a09b895517dfb00013db8b8","complete","gosta.wav","t2_gostta.wav","m","m",1,501,1,NA,"hindi","B","22","0","AX_Pre-test"
"12","5a09b895517dfb00013db8b8","complete","tapsa.wav","t2_ttapsa.wav","y","m",0,330,1,NA,"hindi","B","6","1","AX_Pre-test"
"13","5a09b895517dfb00013db8b8","complete","t2_gostta.wav","gostta.wav","m","y",0,347,1,NA,"hindi","B","19","0","AX_Pre-test"
"14","5a09b895517dfb00013db8b8","complete","ttapsa.wav","t2_ttapsa.wav","y","y",1,348,1,NA,"hindi","B","8","1","AX_Pre-test"
"15","5a09b895517dfb00013db8b8","complete","t2_gosta.wav","gosta.wav","m","y",0,492,1,NA,"hindi","B","13","0","AX_Pre-test"
"16","5a09b895517dfb00013db8b8","complete","gosta.wav","t2_gostta.wav","m","m",1,334,1,NA,"hindi","B","23","0","AX_Pre-test"
"17","5a09b895517dfb00013db8b8","complete","ttapsa.wav","t2_ttapsa.wav","m","y",0,335,1,NA,"hindi","B","7","1","AX_Pre-test"
"18","5a09b895517dfb00013db8b8","complete","t2_ttapsa.wav","tapsa.wav","m","m",1,312,1,NA,"hindi","B","11","1","AX_Pre-test"
"19","5a09b895517dfb00013db8b8","complete","tapsa.wav","t2_tapsa.wav","m","y",0,309,1,NA,"hindi","B","1","1","AX_Pre-test"
"20","5a09b895517dfb00013db8b8","complete","t2_gosta.wav","gosta.wav","m","y",0,344,1,NA,"hindi","B","14","0","AX_Pre-test"
"21","5a09b895517dfb00013db8b8","complete","tapsa.wav","t2_tapsa.wav","m","y",0,329,1,NA,"hindi","B","3","1","AX_Pre-test"
"22","5a09b895517dfb00013db8b8","complete","t2_gostta.wav","gosta.wav","y","m",0,350,1,NA,"hindi","B","17","0","AX_Pre-test"
"23","5a09b895517dfb00013db8b8","complete","tapsa.wav","t2_ttapsa.wav","y","m",0,336,1,NA,"hindi","B","4","1","AX_Pre-test"
"24","5a09b895517dfb00013db8b8","complete","t2_gostta.wav","gosta.wav","m","m",1,497,1,NA,"hindi","B","18","0","AX_Pre-test"
"25","5b60bbb75256470001bcd9a8","complete","gosta.wav","t2_gostta.wav","y","m",0,512,1,NA,"hindi","B","24","0","AX_Pre-test"
"26","5b60bbb75256470001bcd9a8","complete","tapsa.wav","t2_tapsa.wav","m","y",0,548,1,NA,"hindi","B","2","1","AX_Pre-test"
"27","5b60bbb75256470001bcd9a8","complete","t2_gostta.wav","gosta.wav","m","m",1,503,1,NA,"hindi","B","16","0","AX_Pre-test"
"28","5b60bbb75256470001bcd9a8","complete","ttapsa.wav","t2_ttapsa.wav","m","y",0,495,1,NA,"hindi","B","9","1","AX_Pre-test"
"29","5b60bbb75256470001bcd9a8","complete","tapsa.wav","t2_ttapsa.wav","m","m",1,342,1,NA,"hindi","B","5","1","AX_Pre-test"
"30","5b60bbb75256470001bcd9a8","complete","t2_gostta.wav","gostta.wav","m","y",0,546,1,NA,"hindi","B","20","0","AX_Pre-test"
"31","5b60bbb75256470001bcd9a8","complete","t2_gosta.wav","gosta.wav","m","y",0,597,1,NA,"hindi","B","15","0","AX_Pre-test"
"32","5b60bbb75256470001bcd9a8","complete","t2_ttapsa.wav","tapsa.wav","m","m",1,297,1,NA,"hindi","B","12","1","AX_Pre-test"
"33","5b60bbb75256470001bcd9a8","complete","t2_gostta.wav","gostta.wav","m","y",0,515,1,NA,"hindi","B","21","0","AX_Pre-test"
"34","5b60bbb75256470001bcd9a8","complete","t2_ttapsa.wav","tapsa.wav","m","m",1,613,1,NA,"hindi","B","10","1","AX_Pre-test"
"35","5b60bbb75256470001bcd9a8","complete","gosta.wav","t2_gostta.wav","m","m",1,356,1,NA,"hindi","B","22","0","AX_Pre-test"
"36","5b60bbb75256470001bcd9a8","complete","tapsa.wav","t2_ttapsa.wav","m","m",1,516,1,NA,"hindi","B","6","1","AX_Pre-test"
"37","5b60bbb75256470001bcd9a8","complete","t2_gostta.wav","gostta.wav","m","y",0,542,1,NA,"hindi","B","19","0","AX_Pre-test"
"38","5b60bbb75256470001bcd9a8","complete","ttapsa.wav","t2_ttapsa.wav","m","y",0,606,1,NA,"hindi","B","8","1","AX_Pre-test"
"39","5b60bbb75256470001bcd9a8","complete","t2_gosta.wav","gosta.wav","m","y",0,293,1,NA,"hindi","B","13","0","AX_Pre-test"
"40","5b60bbb75256470001bcd9a8","complete","gosta.wav","t2_gostta.wav","m","m",1,319,1,NA,"hindi","B","23","0","AX_Pre-test"
"41","5b60bbb75256470001bcd9a8","complete","ttapsa.wav","t2_ttapsa.wav","m","y",0,514,1,NA,"hindi","B","7","1","AX_Pre-test"
"42","5b60bbb75256470001bcd9a8","complete","t2_ttapsa.wav","tapsa.wav","m","m",1,598,1,NA,"hindi","B","11","1","AX_Pre-test"
"43","5b60bbb75256470001bcd9a8","complete","tapsa.wav","t2_tapsa.wav","m","y",0,609,1,NA,"hindi","B","1","1","AX_Pre-test"
"44","5b60bbb75256470001bcd9a8","complete","t2_gosta.wav","gosta.wav","m","y",0,596,1,NA,"hindi","B","14","0","AX_Pre-test"
"45","5b60bbb75256470001bcd9a8","complete","tapsa.wav","t2_tapsa.wav","m","y",0,580,1,NA,"hindi","B","3","1","AX_Pre-test"
"46","5b60bbb75256470001bcd9a8","complete","t2_gostta.wav","gosta.wav","m","m",1,589,1,NA,"hindi","B","17","0","AX_Pre-test"
"47","5b60bbb75256470001bcd9a8","complete","tapsa.wav","t2_ttapsa.wav","m","m",1,494,1,NA,"hindi","B","4","1","AX_Pre-test"
"48","5b60bbb75256470001bcd9a8","complete","t2_gostta.wav","gosta.wav","m","m",1,584,1,NA,"hindi","B","18","0","AX_Pre-test"
"49","5aad4225811b2000016f6ed1","complete","tapsa.wav","t2_tapsa.wav","y","y",1,601,1,NA,"hindi","B","1","1","AX_Pre-test"
"50","5aad4225811b2000016f6ed1","complete","t2_gosta.wav","gosta.wav","y","y",1,332,1,NA,"hindi","B","14","0","AX_Pre-test"
"51","5aad4225811b2000016f6ed1","complete","tapsa.wav","t2_tapsa.wav","y","y",1,603,1,NA,"hindi","B","3","1","AX_Pre-test"
"52","5aad4225811b2000016f6ed1","complete","t2_gostta.wav","gosta.wav","y","m",0,313,1,NA,"hindi","B","17","0","AX_Pre-test"
"53","5aad4225811b2000016f6ed1","complete","tapsa.wav","t2_ttapsa.wav","y","m",0,616,1,NA,"hindi","B","4","1","AX_Pre-test"
"54","5aad4225811b2000016f6ed1","complete","t2_gostta.wav","gosta.wav","y","m",0,315,1,NA,"hindi","B","18","0","AX_Pre-test"
"55","5aad4225811b2000016f6ed1","complete","gosta.wav","t2_gostta.wav","y","m",0,287,1,NA,"hindi","B","24","0","AX_Pre-test"
"56","5aad4225811b2000016f6ed1","complete","tapsa.wav","t2_tapsa.wav","y","y",1,599,1,NA,"hindi","B","2","1","AX_Pre-test"
"57","5aad4225811b2000016f6ed1","complete","t2_gostta.wav","gosta.wav","y","m",0,308,1,NA,"hindi","B","16","0","AX_Pre-test"
"58","5aad4225811b2000016f6ed1","complete","ttapsa.wav","t2_ttapsa.wav","y","y",1,290,1,NA,"hindi","B","9","1","AX_Pre-test"
"59","5aad4225811b2000016f6ed1","complete","tapsa.wav","t2_ttapsa.wav","y","m",0,572,1,NA,"hindi","B","5","1","AX_Pre-test"
"60","5aad4225811b2000016f6ed1","complete","t2_gostta.wav","gostta.wav","y","y",1,310,1,NA,"hindi","B","20","0","AX_Pre-test"
"61","5aad4225811b2000016f6ed1","complete","t2_gostta.wav","gostta.wav","y","y",1,620,1,NA,"hindi","B","19","0","AX_Pre-test"
"62","5aad4225811b2000016f6ed1","complete","ttapsa.wav","t2_ttapsa.wav","y","y",1,593,1,NA,"hindi","B","8","1","AX_Pre-test"
"63","5aad4225811b2000016f6ed1","complete","t2_gosta.wav","gosta.wav","y","y",1,322,1,NA,"hindi","B","13","0","AX_Pre-test"
"64","5aad4225811b2000016f6ed1","complete","gosta.wav","t2_gostta.wav","y","m",0,299,1,NA,"hindi","B","23","0","AX_Pre-test"
"65","5aad4225811b2000016f6ed1","complete","ttapsa.wav","t2_ttapsa.wav","y","y",1,604,1,NA,"hindi","B","7","1","AX_Pre-test"
"66","5aad4225811b2000016f6ed1","complete","t2_ttapsa.wav","tapsa.wav","y","m",0,302,1,NA,"hindi","B","11","1","AX_Pre-test"
"67","5aad4225811b2000016f6ed1","complete","t2_gosta.wav","gosta.wav","y","y",1,499,1,NA,"hindi","B","15","0","AX_Pre-test"
"68","5aad4225811b2000016f6ed1","complete","t2_ttapsa.wav","tapsa.wav","y","m",0,507,1,NA,"hindi","B","12","1","AX_Pre-test"
"69","5aad4225811b2000016f6ed1","complete","t2_gostta.wav","gostta.wav","y","y",1,301,1,NA,"hindi","B","21","0","AX_Pre-test"
"70","5aad4225811b2000016f6ed1","complete","t2_ttapsa.wav","tapsa.wav","y","m",0,333,1,NA,"hindi","B","10","1","AX_Pre-test"
"71","5aad4225811b2000016f6ed1","complete","gosta.wav","t2_gostta.wav","y","m",0,311,1,NA,"hindi","B","22","0","AX_Pre-test"
"72","5aad4225811b2000016f6ed1","complete","tapsa.wav","t2_ttapsa.wav","y","m",0,590,1,NA,"hindi","B","6","1","AX_Pre-test"
"73","5bcf32414f47870001b43945","complete","t2_gostta.wav","gostta.wav","y","y",1,582,1,NA,"hindi","A","19","0","AX_Pre-test"
"74","5bcf32414f47870001b43945","complete","ttapsa.wav","t2_ttapsa.wav","y","y",1,539,1,NA,"hindi","A","8","1","AX_Pre-test"
"75","5bcf32414f47870001b43945","complete","t2_gosta.wav","gosta.wav","m","y",0,547,1,NA,"hindi","A","13","0","AX_Pre-test"
"76","5bcf32414f47870001b43945","complete","gosta.wav","t2_gostta.wav","y","m",0,532,1,NA,"hindi","A","23","0","AX_Pre-test"
"77","5bcf32414f47870001b43945","complete","ttapsa.wav","t2_ttapsa.wav","y","y",1,345,1,NA,"hindi","A","7","1","AX_Pre-test"
"78","5bcf32414f47870001b43945","complete","t2_ttapsa.wav","tapsa.wav","y","m",0,325,1,NA,"hindi","A","11","1","AX_Pre-test"
"79","5bcf32414f47870001b43945","complete","gosta.wav","t2_gostta.wav","m","m",1,300,1,NA,"hindi","A","24","0","AX_Pre-test"
"80","5bcf32414f47870001b43945","complete","tapsa.wav","t2_tapsa.wav","y","y",1,314,1,NA,"hindi","A","2","1","AX_Pre-test"
"81","5bcf32414f47870001b43945","complete","t2_gostta.wav","gosta.wav","m","m",1,505,1,NA,"hindi","A","16","0","AX_Pre-test"
"82","5bcf32414f47870001b43945","complete","ttapsa.wav","t2_ttapsa.wav","m","y",0,510,1,NA,"hindi","A","9","1","AX_Pre-test"
"83","5bcf32414f47870001b43945","complete","tapsa.wav","t2_ttapsa.wav","y","m",0,553,1,NA,"hindi","A","5","1","AX_Pre-test"
"84","5bcf32414f47870001b43945","complete","t2_gostta.wav","gostta.wav","y","y",1,520,1,NA,"hindi","A","20","0","AX_Pre-test"
"85","5bcf32414f47870001b43945","complete","tapsa.wav","t2_tapsa.wav","y","y",1,343,1,NA,"hindi","A","1","1","AX_Pre-test"
"86","5bcf32414f47870001b43945","complete","t2_gosta.wav","gosta.wav","m","y",0,540,1,NA,"hindi","A","14","0","AX_Pre-test"
"87","5bcf32414f47870001b43945","complete","tapsa.wav","t2_tapsa.wav","m","y",0,504,1,NA,"hindi","A","3","1","AX_Pre-test"
"88","5bcf32414f47870001b43945","complete","t2_gostta.wav","gosta.wav","m","m",1,500,1,NA,"hindi","A","17","0","AX_Pre-test"
"89","5bcf32414f47870001b43945","complete","tapsa.wav","t2_ttapsa.wav","y","m",0,355,1,NA,"hindi","A","4","1","AX_Pre-test"
"90","5bcf32414f47870001b43945","complete","t2_gostta.wav","gosta.wav","y","m",0,513,1,NA,"hindi","A","18","0","AX_Pre-test"
"91","5bcf32414f47870001b43945","complete","t2_gosta.wav","gosta.wav","m","y",0,328,1,NA,"hindi","A","15","0","AX_Pre-test"
"92","5bcf32414f47870001b43945","complete","t2_ttapsa.wav","tapsa.wav","y","m",0,353,1,NA,"hindi","A","12","1","AX_Pre-test"
"93","5bcf32414f47870001b43945","complete","t2_gostta.wav","gostta.wav","y","y",1,493,1,NA,"hindi","A","21","0","AX_Pre-test"
"94","5bcf32414f47870001b43945","complete","t2_ttapsa.wav","tapsa.wav","y","m",0,612,1,NA,"hindi","A","10","1","AX_Pre-test"
"95","5bcf32414f47870001b43945","complete","gosta.wav","t2_gostta.wav","y","m",0,357,1,NA,"hindi","A","22","0","AX_Pre-test"
"96","5bcf32414f47870001b43945","complete","tapsa.wav","t2_ttapsa.wav","y","m",0,511,1,NA,"hindi","A","6","1","AX_Pre-test"
"97","565248ccfea9c60012c5cc62","complete","gostta.wav","t2_gostta.wav","y","y",1,1137,1,NA,"hindi","B","19","0","AX_Pre-test"
"98","565248ccfea9c60012c5cc62","complete","t2_ttapsa.wav","ttapsa.wav","y","y",1,1087,1,NA,"hindi","B","8","1","AX_Pre-test"
"99","565248ccfea9c60012c5cc62","complete","t2_gostta.wav","gosta.wav","y","m",0,1091,1,NA,"hindi","B","23","0","AX_Pre-test"
"100","565248ccfea9c60012c5cc62","complete","t2_ttapsa.wav","ttapsa.wav","y","y",1,1089,1,NA,"hindi","B","7","1","AX_Pre-test"
"101","565248ccfea9c60012c5cc62","complete","tapsa.wav","t2_ttapsa.wav","y","m",0,1382,1,NA,"hindi","B","11","1","AX_Pre-test"
"102","565248ccfea9c60012c5cc62","complete","t2_gostta.wav","gosta.wav","y","m",0,1450,1,NA,"hindi","B","24","0","AX_Pre-test"
"103","565248ccfea9c60012c5cc62","complete","t2_tapsa.wav","tapsa.wav","m","y",0,1434,1,NA,"hindi","B","2","1","AX_Pre-test"
"104","565248ccfea9c60012c5cc62","complete","gosta.wav","t2_gostta.wav","m","m",1,1512,1,NA,"hindi","B","16","0","AX_Pre-test"
"105","565248ccfea9c60012c5cc62","complete","t2_ttapsa.wav","ttapsa.wav","m","y",0,1430,1,NA,"hindi","B","9","1","AX_Pre-test"
"106","565248ccfea9c60012c5cc62","complete","t2_ttapsa.wav","tapsa.wav","y","m",0,1418,1,NA,"hindi","B","5","1","AX_Pre-test"
"107","565248ccfea9c60012c5cc62","complete","gostta.wav","t2_gostta.wav","y","y",1,1409,1,NA,"hindi","B","20","0","AX_Pre-test"
"108","565248ccfea9c60012c5cc62","complete","t2_tapsa.wav","tapsa.wav","y","y",1,1414,1,NA,"hindi","B","1","1","AX_Pre-test"
"109","565248ccfea9c60012c5cc62","complete","t2_tapsa.wav","tapsa.wav","y","y",1,1390,1,NA,"hindi","B","3","1","AX_Pre-test"
"110","565248ccfea9c60012c5cc62","complete","gosta.wav","t2_gostta.wav","y","m",0,1492,1,NA,"hindi","B","17","0","AX_Pre-test"
"111","565248ccfea9c60012c5cc62","complete","t2_ttapsa.wav","tapsa.wav","y","m",0,1441,1,NA,"hindi","B","4","1","AX_Pre-test"
"112","565248ccfea9c60012c5cc62","complete","gosta.wav","t2_gostta.wav","y","m",0,1416,1,NA,"hindi","B","18","0","AX_Pre-test"
"113","565248ccfea9c60012c5cc62","complete","gosta.wav","t2_gosta.wav","m","y",0,1410,1,NA,"hindi","B","15","0","AX_Pre-test"
"114","565248ccfea9c60012c5cc62","complete","tapsa.wav","t2_ttapsa.wav","m","m",1,1437,1,NA,"hindi","B","12","1","AX_Pre-test"
"115","565248ccfea9c60012c5cc62","complete","gostta.wav","t2_gostta.wav","y","y",1,1497,1,NA,"hindi","B","21","0","AX_Pre-test"
"116","565248ccfea9c60012c5cc62","complete","tapsa.wav","t2_ttapsa.wav","m","m",1,1440,1,NA,"hindi","B","10","1","AX_Pre-test"
"117","565248ccfea9c60012c5cc62","complete","t2_gostta.wav","gosta.wav","y","m",0,1413,1,NA,"hindi","B","22","0","AX_Pre-test"
"118","565248ccfea9c60012c5cc62","complete","t2_ttapsa.wav","tapsa.wav","m","m",1,1509,1,NA,"hindi","B","6","1","AX_Pre-test"
"119","5b3a541e06f9f90001fb9c00","complete","t2_gostta.wav","gosta.wav","y","m",0,1425,1,NA,"hindi","B","24","0","AX_Pre-test"
"120","5b3a541e06f9f90001fb9c00","complete","t2_tapsa.wav","tapsa.wav","m","y",0,1495,1,NA,"hindi","B","2","1","AX_Pre-test"
"121","5b3a541e06f9f90001fb9c00","complete","gosta.wav","t2_gostta.wav","y","m",0,1507,1,NA,"hindi","B","16","0","AX_Pre-test"
"122","5b3a541e06f9f90001fb9c00","complete","t2_ttapsa.wav","ttapsa.wav","m","y",0,1406,1,NA,"hindi","B","9","1","AX_Pre-test"
"123","5b3a541e06f9f90001fb9c00","complete","t2_ttapsa.wav","tapsa.wav","m","m",1,1158,1,NA,"hindi","B","5","1","AX_Pre-test"
"124","5b3a541e06f9f90001fb9c00","complete","gostta.wav","t2_gostta.wav","y","y",1,1421,1,NA,"hindi","B","20","0","AX_Pre-test"
"125","5b3a541e06f9f90001fb9c00","complete","gostta.wav","t2_gostta.wav","y","y",1,1166,1,NA,"hindi","B","19","0","AX_Pre-test"
"126","5b3a541e06f9f90001fb9c00","complete","t2_ttapsa.wav","ttapsa.wav","m","y",0,1412,1,NA,"hindi","B","8","1","AX_Pre-test"
"127","5b3a541e06f9f90001fb9c00","complete","gosta.wav","t2_gosta.wav","y","y",1,1517,1,NA,"hindi","B","13","0","AX_Pre-test"
"128","5b3a541e06f9f90001fb9c00","complete","t2_gostta.wav","gosta.wav","y","m",0,1168,1,NA,"hindi","B","23","0","AX_Pre-test"
"129","5b3a541e06f9f90001fb9c00","complete","t2_ttapsa.wav","ttapsa.wav","m","y",0,1139,1,NA,"hindi","B","7","1","AX_Pre-test"
"130","5b3a541e06f9f90001fb9c00","complete","tapsa.wav","t2_ttapsa.wav","y","m",0,1387,1,NA,"hindi","B","11","1","AX_Pre-test"
"131","5b3a541e06f9f90001fb9c00","complete","gosta.wav","t2_gosta.wav","m","y",0,1134,1,NA,"hindi","B","15","0","AX_Pre-test"
"132","5b3a541e06f9f90001fb9c00","complete","tapsa.wav","t2_ttapsa.wav","y","m",0,1489,1,NA,"hindi","B","12","1","AX_Pre-test"
"133","5b3a541e06f9f90001fb9c00","complete","gostta.wav","t2_gostta.wav","y","y",1,1444,1,NA,"hindi","B","21","0","AX_Pre-test"
"134","5b3a541e06f9f90001fb9c00","complete","tapsa.wav","t2_ttapsa.wav","y","m",0,1505,1,NA,"hindi","B","10","1","AX_Pre-test"
"135","5b3a541e06f9f90001fb9c00","complete","t2_gostta.wav","gosta.wav","y","m",0,1488,1,NA,"hindi","B","22","0","AX_Pre-test"
"136","5b3a541e06f9f90001fb9c00","complete","t2_ttapsa.wav","tapsa.wav","m","m",1,1500,1,NA,"hindi","B","6","1","AX_Pre-test"
"137","5b3a541e06f9f90001fb9c00","complete","t2_tapsa.wav","tapsa.wav","m","y",0,1151,1,NA,"hindi","B","1","1","AX_Pre-test"
"138","5b3a541e06f9f90001fb9c00","complete","gosta.wav","t2_gosta.wav","m","y",0,1502,1,NA,"hindi","B","14","0","AX_Pre-test"
"139","5b3a541e06f9f90001fb9c00","complete","t2_tapsa.wav","tapsa.wav","m","y",0,1498,1,NA,"hindi","B","3","1","AX_Pre-test"
"140","5b3a541e06f9f90001fb9c00","complete","gosta.wav","t2_gostta.wav","y","m",0,1513,1,NA,"hindi","B","17","0","AX_Pre-test"
"141","5b3a541e06f9f90001fb9c00","complete","t2_ttapsa.wav","tapsa.wav","y","m",0,1435,1,NA,"hindi","B","4","1","AX_Pre-test"
"142","5b3a541e06f9f90001fb9c00","complete","gosta.wav","t2_gostta.wav","y","m",0,1487,1,NA,"hindi","B","18","0","AX_Pre-test"
"143","5b9d3b7e1b99540001d790c0","complete","gosta.wav","t2_gosta.wav","y","y",1,1154,1,NA,"hindi","B","15","0","AX_Pre-test"
"144","5b9d3b7e1b99540001d790c0","complete","tapsa.wav","t2_ttapsa.wav","y","m",0,1160,1,NA,"hindi","B","12","1","AX_Pre-test"
"145","5b9d3b7e1b99540001d790c0","complete","gostta.wav","t2_gostta.wav","y","y",1,1433,1,NA,"hindi","B","21","0","AX_Pre-test"
"146","5b9d3b7e1b99540001d790c0","complete","tapsa.wav","t2_ttapsa.wav","y","m",0,1428,1,NA,"hindi","B","10","1","AX_Pre-test"
"147","5b9d3b7e1b99540001d790c0","complete","t2_gostta.wav","gosta.wav","y","m",0,1397,1,NA,"hindi","B","22","0","AX_Pre-test"
"148","5b9d3b7e1b99540001d790c0","complete","t2_ttapsa.wav","tapsa.wav","y","m",0,1399,1,NA,"hindi","B","6","1","AX_Pre-test"
"149","5b9d3b7e1b99540001d790c0","complete","t2_tapsa.wav","tapsa.wav","m","y",0,1436,1,NA,"hindi","B","2","1","AX_Pre-test"
"150","5b9d3b7e1b99540001d790c0","complete","gosta.wav","t2_gostta.wav","m","m",1,1391,1,NA,"hindi","B","16","0","AX_Pre-test"
"151","5b9d3b7e1b99540001d790c0","complete","t2_ttapsa.wav","ttapsa.wav","m","y",0,1132,1,NA,"hindi","B","9","1","AX_Pre-test"
"152","5b9d3b7e1b99540001d790c0","complete","t2_ttapsa.wav","tapsa.wav","m","m",1,1172,1,NA,"hindi","B","5","1","AX_Pre-test"
"153","5b9d3b7e1b99540001d790c0","complete","gostta.wav","t2_gostta.wav","m","y",0,1130,1,NA,"hindi","B","20","0","AX_Pre-test"
"154","5b9d3b7e1b99540001d790c0","complete","t2_tapsa.wav","tapsa.wav","m","y",0,1388,1,NA,"hindi","B","1","1","AX_Pre-test"
"155","5b9d3b7e1b99540001d790c0","complete","gosta.wav","t2_gosta.wav","m","y",0,1084,1,NA,"hindi","B","14","0","AX_Pre-test"
"156","5b9d3b7e1b99540001d790c0","complete","t2_tapsa.wav","tapsa.wav","y","y",1,1439,1,NA,"hindi","B","3","1","AX_Pre-test"
"157","5b9d3b7e1b99540001d790c0","complete","gosta.wav","t2_gostta.wav","y","m",0,1411,1,NA,"hindi","B","17","0","AX_Pre-test"
"158","5b9d3b7e1b99540001d790c0","complete","t2_ttapsa.wav","tapsa.wav","m","m",1,1442,1,NA,"hindi","B","4","1","AX_Pre-test"
"159","5b9d3b7e1b99540001d790c0","complete","gosta.wav","t2_gostta.wav","m","m",1,1125,1,NA,"hindi","B","18","0","AX_Pre-test"
"160","5b9d3b7e1b99540001d790c0","complete","gostta.wav","t2_gostta.wav","m","y",0,1426,1,NA,"hindi","B","19","0","AX_Pre-test"
"161","5b9d3b7e1b99540001d790c0","complete","t2_ttapsa.wav","ttapsa.wav","m","y",0,1120,1,NA,"hindi","B","8","1","AX_Pre-test"
"162","5b9d3b7e1b99540001d790c0","complete","gosta.wav","t2_gosta.wav","m","y",0,1380,1,NA,"hindi","B","13","0","AX_Pre-test"
"163","5b9d3b7e1b99540001d790c0","complete","t2_gostta.wav","gosta.wav","m","m",1,1153,1,NA,"hindi","B","23","0","AX_Pre-test"
"164","5b9d3b7e1b99540001d790c0","complete","t2_ttapsa.wav","ttapsa.wav","y","y",1,1157,1,NA,"hindi","B","7","1","AX_Pre-test"
"165","5b9d3b7e1b99540001d790c0","complete","tapsa.wav","t2_ttapsa.wav","m","m",1,1102,1,NA,"hindi","B","11","1","AX_Pre-test"
"166","5b9ec2a99624180001131869","complete","gostta.wav","t2_gostta.wav","y","y",1,1398,1,NA,"hindi","A","19","0","AX_Pre-test"
"167","5b9ec2a99624180001131869","complete","t2_ttapsa.wav","ttapsa.wav","m","y",0,1140,1,NA,"hindi","A","8","1","AX_Pre-test"
"168","5b9ec2a99624180001131869","complete","gosta.wav","t2_gosta.wav","y","y",1,1611,1,NA,"hindi","A","13","0","AX_Pre-test"
"169","5b9ec2a99624180001131869","complete","t2_gostta.wav","gosta.wav","y","m",0,1075,1,NA,"hindi","A","23","0","AX_Pre-test"
"170","5b9ec2a99624180001131869","complete","t2_ttapsa.wav","ttapsa.wav","m","y",0,1508,1,NA,"hindi","A","7","1","AX_Pre-test"
"171","5b9ec2a99624180001131869","complete","tapsa.wav","t2_ttapsa.wav","y","m",0,1583,1,NA,"hindi","A","11","1","AX_Pre-test"
"172","5b9ec2a99624180001131869","complete","gosta.wav","t2_gosta.wav","y","y",1,1445,1,NA,"hindi","A","15","0","AX_Pre-test"
"173","5b9ec2a99624180001131869","complete","tapsa.wav","t2_ttapsa.wav","y","m",0,1599,1,NA,"hindi","A","12","1","AX_Pre-test"
"174","5b9ec2a99624180001131869","complete","gostta.wav","t2_gostta.wav","y","y",1,1448,1,NA,"hindi","A","21","0","AX_Pre-test"
"175","5b9ec2a99624180001131869","complete","tapsa.wav","t2_ttapsa.wav","y","m",0,1619,1,NA,"hindi","A","10","1","AX_Pre-test"
"176","5b9ec2a99624180001131869","complete","t2_gostta.wav","gosta.wav","y","m",0,1577,1,NA,"hindi","A","22","0","AX_Pre-test"
"177","5b9ec2a99624180001131869","complete","t2_ttapsa.wav","tapsa.wav","y","m",0,1097,1,NA,"hindi","A","6","1","AX_Pre-test"
"178","5b9ec2a99624180001131869","complete","t2_tapsa.wav","tapsa.wav","y","y",1,1608,1,NA,"hindi","A","1","1","AX_Pre-test"
"179","5b9ec2a99624180001131869","complete","gosta.wav","t2_gosta.wav","y","y",1,1503,1,NA,"hindi","A","14","0","AX_Pre-test"
"180","5b9ec2a99624180001131869","complete","t2_tapsa.wav","tapsa.wav","m","y",0,1515,1,NA,"hindi","A","3","1","AX_Pre-test"
"181","5b9ec2a99624180001131869","complete","gosta.wav","t2_gostta.wav","y","m",0,1081,1,NA,"hindi","A","17","0","AX_Pre-test"
"182","5b9ec2a99624180001131869","complete","t2_ttapsa.wav","tapsa.wav","m","m",1,1404,1,NA,"hindi","A","4","1","AX_Pre-test"
"183","5b9ec2a99624180001131869","complete","gosta.wav","t2_gostta.wav","m","m",1,1431,1,NA,"hindi","A","18","0","AX_Pre-test"
"184","5b9ec2a99624180001131869","complete","t2_gostta.wav","gosta.wav","y","m",0,1079,1,NA,"hindi","A","24","0","AX_Pre-test"
"185","5b9ec2a99624180001131869","complete","t2_tapsa.wav","tapsa.wav","m","y",0,1077,1,NA,"hindi","A","2","1","AX_Pre-test"
"186","5b9ec2a99624180001131869","complete","gosta.wav","t2_gostta.wav","m","m",1,1126,1,NA,"hindi","A","16","0","AX_Pre-test"
"187","5b9ec2a99624180001131869","complete","t2_ttapsa.wav","ttapsa.wav","m","y",0,1112,1,NA,"hindi","A","9","1","AX_Pre-test"
"188","5b9ec2a99624180001131869","complete","t2_ttapsa.wav","tapsa.wav","y","m",0,1582,1,NA,"hindi","A","5","1","AX_Pre-test"
"189","5b9ec2a99624180001131869","complete","gostta.wav","t2_gostta.wav","y","y",1,1617,1,NA,"hindi","A","20","0","AX_Pre-test"
"190","5b291e8b8ccfef0001bdd651","complete","gostta.wav","t2_gostta.wav","y","y",1,1175,1,NA,"hindi","B","19","0","AX_Pre-test"
"191","5b291e8b8ccfef0001bdd651","complete","t2_ttapsa.wav","ttapsa.wav","y","y",1,1107,1,NA,"hindi","B","8","1","AX_Pre-test"
"192","5b291e8b8ccfef0001bdd651","complete","gosta.wav","t2_gosta.wav","y","y",1,1104,1,NA,"hindi","B","13","0","AX_Pre-test"
"193","5b291e8b8ccfef0001bdd651","complete","t2_gostta.wav","gosta.wav","y","m",0,1408,1,NA,"hindi","B","23","0","AX_Pre-test"
"194","5b291e8b8ccfef0001bdd651","complete","t2_ttapsa.wav","ttapsa.wav","y","y",1,1403,1,NA,"hindi","B","7","1","AX_Pre-test"
"195","5b291e8b8ccfef0001bdd651","complete","tapsa.wav","t2_ttapsa.wav","y","m",0,1427,1,NA,"hindi","B","11","1","AX_Pre-test"
"196","5b291e8b8ccfef0001bdd651","complete","gosta.wav","t2_gosta.wav","y","y",1,1093,1,NA,"hindi","B","15","0","AX_Pre-test"
"197","5b291e8b8ccfef0001bdd651","complete","tapsa.wav","t2_ttapsa.wav","y","m",0,1159,1,NA,"hindi","B","12","1","AX_Pre-test"
"198","5b291e8b8ccfef0001bdd651","complete","gostta.wav","t2_gostta.wav","y","y",1,1423,1,NA,"hindi","B","21","0","AX_Pre-test"
"199","5b291e8b8ccfef0001bdd651","complete","tapsa.wav","t2_ttapsa.wav","y","m",0,1415,1,NA,"hindi","B","10","1","AX_Pre-test"
"200","5b291e8b8ccfef0001bdd651","complete","t2_gostta.wav","gosta.wav","y","m",0,1161,1,NA,"hindi","B","22","0","AX_Pre-test"
"201","5b291e8b8ccfef0001bdd651","complete","t2_ttapsa.wav","tapsa.wav","y","m",0,1116,1,NA,"hindi","B","6","1","AX_Pre-test"
"202","5b291e8b8ccfef0001bdd651","complete","t2_tapsa.wav","tapsa.wav","y","y",1,1127,1,NA,"hindi","B","1","1","AX_Pre-test"
"203","5b291e8b8ccfef0001bdd651","complete","gosta.wav","t2_gosta.wav","y","y",1,1095,1,NA,"hindi","B","14","0","AX_Pre-test"
"204","5b291e8b8ccfef0001bdd651","complete","t2_tapsa.wav","tapsa.wav","y","y",1,1165,1,NA,"hindi","B","3","1","AX_Pre-test"
"205","5b291e8b8ccfef0001bdd651","complete","gosta.wav","t2_gostta.wav","y","m",0,1400,1,NA,"hindi","B","17","0","AX_Pre-test"
"206","5b291e8b8ccfef0001bdd651","complete","t2_ttapsa.wav","tapsa.wav","y","m",0,1100,1,NA,"hindi","B","4","1","AX_Pre-test"
"207","5b291e8b8ccfef0001bdd651","complete","gosta.wav","t2_gostta.wav","y","m",0,1113,1,NA,"hindi","B","18","0","AX_Pre-test"
"208","5b291e8b8ccfef0001bdd651","complete","t2_gostta.wav","gosta.wav","y","m",0,1393,1,NA,"hindi","B","24","0","AX_Pre-test"
"209","5b291e8b8ccfef0001bdd651","complete","t2_tapsa.wav","tapsa.wav","y","y",1,1006,1,NA,"hindi","B","2","1","AX_Pre-test"
"210","5b291e8b8ccfef0001bdd651","complete","gosta.wav","t2_gostta.wav","y","m",0,1136,1,NA,"hindi","B","16","0","AX_Pre-test"
"211","5b291e8b8ccfef0001bdd651","complete","t2_ttapsa.wav","ttapsa.wav","y","y",1,1396,1,NA,"hindi","B","9","1","AX_Pre-test"
"212","5b291e8b8ccfef0001bdd651","complete","t2_ttapsa.wav","tapsa.wav","y","m",0,1072,1,NA,"hindi","B","5","1","AX_Pre-test"
"213","5b291e8b8ccfef0001bdd651","complete","gostta.wav","t2_gostta.wav","y","y",1,1115,1,NA,"hindi","B","20","0","AX_Pre-test"
"214","5afc4ab7bb36f900018ef256","complete","gosta.wav","t2_gosta.wav","y","y",1,1156,1,NA,"hindi","A","15","0","AX_Pre-test"
"215","5afc4ab7bb36f900018ef256","complete","tapsa.wav","t2_ttapsa.wav","y","m",0,1117,1,NA,"hindi","A","12","1","AX_Pre-test"
"216","5afc4ab7bb36f900018ef256","complete","gostta.wav","t2_gostta.wav","y","y",1,1167,1,NA,"hindi","A","21","0","AX_Pre-test"
"217","5afc4ab7bb36f900018ef256","complete","tapsa.wav","t2_ttapsa.wav","y","m",0,1162,1,NA,"hindi","A","10","1","AX_Pre-test"
"218","5afc4ab7bb36f900018ef256","complete","t2_gostta.wav","gosta.wav","y","m",0,1429,1,NA,"hindi","A","22","0","AX_Pre-test"
"219","5afc4ab7bb36f900018ef256","complete","t2_ttapsa.wav","tapsa.wav","y","m",0,1123,1,NA,"hindi","A","6","1","AX_Pre-test"
"220","5afc4ab7bb36f900018ef256","complete","gostta.wav","t2_gostta.wav","y","y",1,1129,1,NA,"hindi","A","19","0","AX_Pre-test"
"221","5afc4ab7bb36f900018ef256","complete","t2_ttapsa.wav","ttapsa.wav","y","y",1,1164,1,NA,"hindi","A","8","1","AX_Pre-test"
"222","5afc4ab7bb36f900018ef256","complete","gosta.wav","t2_gosta.wav","y","y",1,1124,1,NA,"hindi","A","13","0","AX_Pre-test"
"223","5afc4ab7bb36f900018ef256","complete","t2_gostta.wav","gosta.wav","y","m",0,1401,1,NA,"hindi","A","23","0","AX_Pre-test"
"224","5afc4ab7bb36f900018ef256","complete","t2_ttapsa.wav","ttapsa.wav","y","y",1,1103,1,NA,"hindi","A","7","1","AX_Pre-test"
"225","5afc4ab7bb36f900018ef256","complete","tapsa.wav","t2_ttapsa.wav","y","m",0,1131,1,NA,"hindi","A","11","1","AX_Pre-test"
"226","5afc4ab7bb36f900018ef256","complete","t2_gostta.wav","gosta.wav","y","m",0,1405,1,NA,"hindi","A","24","0","AX_Pre-test"
"227","5afc4ab7bb36f900018ef256","complete","t2_tapsa.wav","tapsa.wav","y","y",1,1096,1,NA,"hindi","A","2","1","AX_Pre-test"
"228","5afc4ab7bb36f900018ef256","complete","gosta.wav","t2_gostta.wav","y","m",0,1128,1,NA,"hindi","A","16","0","AX_Pre-test"
"229","5afc4ab7bb36f900018ef256","complete","t2_ttapsa.wav","ttapsa.wav","y","y",1,1098,1,NA,"hindi","A","9","1","AX_Pre-test"
"230","5afc4ab7bb36f900018ef256","complete","t2_ttapsa.wav","tapsa.wav","y","m",0,1088,1,NA,"hindi","A","5","1","AX_Pre-test"
"231","5afc4ab7bb36f900018ef256","complete","gostta.wav","t2_gostta.wav","y","y",1,1108,1,NA,"hindi","A","20","0","AX_Pre-test"
"232","5afc4ab7bb36f900018ef256","complete","t2_tapsa.wav","tapsa.wav","y","y",1,1074,1,NA,"hindi","A","1","1","AX_Pre-test"
"233","5afc4ab7bb36f900018ef256","complete","gosta.wav","t2_gosta.wav","y","y",1,1067,1,NA,"hindi","A","14","0","AX_Pre-test"
"234","5afc4ab7bb36f900018ef256","complete","t2_tapsa.wav","tapsa.wav","y","y",1,1090,1,NA,"hindi","A","3","1","AX_Pre-test"
"235","5afc4ab7bb36f900018ef256","complete","gosta.wav","t2_gostta.wav","y","m",0,1092,1,NA,"hindi","A","17","0","AX_Pre-test"
"236","5afc4ab7bb36f900018ef256","complete","t2_ttapsa.wav","tapsa.wav","y","m",0,1621,1,NA,"hindi","A","4","1","AX_Pre-test"
"237","5afc4ab7bb36f900018ef256","complete","gosta.wav","t2_gostta.wav","y","m",0,1068,1,NA,"hindi","A","18","0","AX_Pre-test"
"238","5b3a541e06f9f90001fb9c00","complete","tapsa.wav","t2_tapsa.wav","m","y",0,1548.84000006132,1,NA,"hindi","1","B","1","AX_Post-test"
"239","5b3a541e06f9f90001fb9c00","complete","t2_gosta.wav","gosta.wav","y","y",1,1802.49999999069,1,NA,"hindi","14","B","0","AX_Post-test"
"240","5b3a541e06f9f90001fb9c00","complete","tapsa.wav","t2_tapsa.wav","m","y",0,1424.69499993604,1,NA,"hindi","3","B","1","AX_Post-test"
"241","5b3a541e06f9f90001fb9c00","complete","t2_gostta.wav","gosta.wav","m","m",1,2581.45500009414,1,NA,"hindi","17","B","0","AX_Post-test"
"242","5b3a541e06f9f90001fb9c00","complete","tapsa.wav","t2_ttapsa.wav","y","m",0,1496.4049999835,1,NA,"hindi","4","B","1","AX_Post-test"
"243","5b3a541e06f9f90001fb9c00","complete","t2_gostta.wav","gosta.wav","y","m",0,1763.05499998853,1,NA,"hindi","18","B","0","AX_Post-test"
"244","5b3a541e06f9f90001fb9c00","complete","gosta.wav","t2_gostta.wav","y","m",0,1553.94000001252,1,NA,"hindi","24","B","0","AX_Post-test"
"245","5b3a541e06f9f90001fb9c00","complete","tapsa.wav","t2_tapsa.wav","y","y",1,1572.27000000421,1,NA,"hindi","2","B","1","AX_Post-test"
"246","5b3a541e06f9f90001fb9c00","complete","t2_gostta.wav","gosta.wav","y","m",0,1372.2650000127,1,NA,"hindi","16","B","0","AX_Post-test"
"247","5b3a541e06f9f90001fb9c00","complete","ttapsa.wav","t2_ttapsa.wav","m","y",0,2472.30999998283,1,NA,"hindi","9","B","1","AX_Post-test"
"248","5b3a541e06f9f90001fb9c00","complete","tapsa.wav","t2_ttapsa.wav","y","m",0,2311.21499999426,1,NA,"hindi","5","B","1","AX_Post-test"
"249","5b3a541e06f9f90001fb9c00","complete","t2_gostta.wav","gostta.wav","y","y",1,1572.4250000203,1,NA,"hindi","20","B","0","AX_Post-test"
"250","5b3a541e06f9f90001fb9c00","complete","t2_gostta.wav","gostta.wav","y","y",1,1185.53000001702,1,NA,"hindi","19","B","0","AX_Post-test"
"251","5b3a541e06f9f90001fb9c00","complete","ttapsa.wav","t2_ttapsa.wav","y","y",1,1428.66000009235,1,NA,"hindi","8","B","1","AX_Post-test"
"252","5b3a541e06f9f90001fb9c00","complete","t2_gosta.wav","gosta.wav","y","y",1,1728.37999998592,1,NA,"hindi","13","B","0","AX_Post-test"
"253","5b3a541e06f9f90001fb9c00","complete","gosta.wav","t2_gostta.wav","y","m",0,1277.20499993302,1,NA,"hindi","23","B","0","AX_Post-test"
"254","5b3a541e06f9f90001fb9c00","complete","ttapsa.wav","t2_ttapsa.wav","y","y",1,2506.78499997593,1,NA,"hindi","7","B","1","AX_Post-test"
"255","5b3a541e06f9f90001fb9c00","complete","t2_ttapsa.wav","tapsa.wav","y","m",0,1648.54500000365,1,NA,"hindi","11","B","1","AX_Post-test"
"256","5b3a541e06f9f90001fb9c00","complete","t2_gosta.wav","gosta.wav","m","y",0,1600.74000002351,1,NA,"hindi","15","B","0","AX_Post-test"
"257","5b3a541e06f9f90001fb9c00","complete","t2_ttapsa.wav","tapsa.wav","y","m",0,1187.40500009153,1,NA,"hindi","12","B","1","AX_Post-test"
"258","5b3a541e06f9f90001fb9c00","complete","t2_gostta.wav","gostta.wav","y","y",1,1831.38499991037,1,NA,"hindi","21","B","0","AX_Post-test"
"259","5b3a541e06f9f90001fb9c00","complete","t2_ttapsa.wav","tapsa.wav","y","m",0,1483.7599999737,1,NA,"hindi","10","B","1","AX_Post-test"
"260","5b3a541e06f9f90001fb9c00","complete","gosta.wav","t2_gostta.wav","y","m",0,1981.9950000383,1,NA,"hindi","22","B","0","AX_Post-test"
"261","5b3a541e06f9f90001fb9c00","complete","tapsa.wav","t2_ttapsa.wav","y","m",0,2837.77999994345,1,NA,"hindi","6","B","1","AX_Post-test"
"262","5a09b895517dfb00013db8b8","complete","t2_gostta.wav","gostta.wav","m","y",0,1447,1,NA,"hindi","19","B","0","AX_Post-test"
"263","5a09b895517dfb00013db8b8","complete","ttapsa.wav","t2_ttapsa.wav","m","y",0,1243,1,NA,"hindi","8","B","1","AX_Post-test"
"264","5a09b895517dfb00013db8b8","complete","t2_gosta.wav","gosta.wav","m","y",0,1732,1,NA,"hindi","13","B","0","AX_Post-test"
"265","5a09b895517dfb00013db8b8","complete","gosta.wav","t2_gostta.wav","m","m",1,1498,1,NA,"hindi","23","B","0","AX_Post-test"
"266","5a09b895517dfb00013db8b8","complete","ttapsa.wav","t2_ttapsa.wav","m","y",0,1244,1,NA,"hindi","7","B","1","AX_Post-test"
"267","5a09b895517dfb00013db8b8","complete","t2_ttapsa.wav","tapsa.wav","m","m",1,1168,1,NA,"hindi","11","B","1","AX_Post-test"
"268","5a09b895517dfb00013db8b8","complete","tapsa.wav","t2_tapsa.wav","m","y",0,1110,1,NA,"hindi","1","B","1","AX_Post-test"
"269","5a09b895517dfb00013db8b8","complete","t2_gosta.wav","gosta.wav","m","y",0,1458,1,NA,"hindi","14","B","0","AX_Post-test"
"270","5a09b895517dfb00013db8b8","complete","tapsa.wav","t2_tapsa.wav","m","y",0,1314,1,NA,"hindi","3","B","1","AX_Post-test"
"271","5a09b895517dfb00013db8b8","complete","t2_gostta.wav","gosta.wav","y","m",0,1877,1,NA,"hindi","17","B","0","AX_Post-test"
"272","5a09b895517dfb00013db8b8","complete","tapsa.wav","t2_ttapsa.wav","m","m",1,1586,1,NA,"hindi","4","B","1","AX_Post-test"
"273","5a09b895517dfb00013db8b8","complete","t2_gostta.wav","gosta.wav","m","m",1,1629,1,NA,"hindi","18","B","0","AX_Post-test"
"274","5a09b895517dfb00013db8b8","complete","gosta.wav","t2_gostta.wav","m","m",1,1445,1,NA,"hindi","24","B","0","AX_Post-test"
"275","5a09b895517dfb00013db8b8","complete","tapsa.wav","t2_tapsa.wav","m","y",0,1425,1,NA,"hindi","2","B","1","AX_Post-test"
"276","5a09b895517dfb00013db8b8","complete","t2_gostta.wav","gosta.wav","m","m",1,1614,1,NA,"hindi","16","B","0","AX_Post-test"
"277","5a09b895517dfb00013db8b8","complete","ttapsa.wav","t2_ttapsa.wav","m","y",0,1683,1,NA,"hindi","9","B","1","AX_Post-test"
"278","5a09b895517dfb00013db8b8","complete","tapsa.wav","t2_ttapsa.wav","m","m",1,1470,1,NA,"hindi","5","B","1","AX_Post-test"
"279","5a09b895517dfb00013db8b8","complete","t2_gostta.wav","gostta.wav","m","y",0,1510,1,NA,"hindi","20","B","0","AX_Post-test"
"280","5a09b895517dfb00013db8b8","complete","t2_gosta.wav","gosta.wav","y","y",1,1488,1,NA,"hindi","15","B","0","AX_Post-test"
"281","5a09b895517dfb00013db8b8","complete","t2_ttapsa.wav","tapsa.wav","m","m",1,1270,1,NA,"hindi","12","B","1","AX_Post-test"
"282","5a09b895517dfb00013db8b8","complete","t2_gostta.wav","gostta.wav","y","y",1,1638,1,NA,"hindi","21","B","0","AX_Post-test"
"283","5a09b895517dfb00013db8b8","complete","t2_ttapsa.wav","tapsa.wav","m","m",1,1110,1,NA,"hindi","10","B","1","AX_Post-test"
"284","5a09b895517dfb00013db8b8","complete","gosta.wav","t2_gostta.wav","y","m",0,1893,1,NA,"hindi","22","B","0","AX_Post-test"
"285","5a09b895517dfb00013db8b8","complete","tapsa.wav","t2_ttapsa.wav","m","m",1,1349,1,NA,"hindi","6","B","1","AX_Post-test"
"286","5aad4225811b2000016f6ed1","complete","t2_gostta.wav","gostta.wav","y","y",1,2081.60999999382,1,NA,"hindi","19","B","0","AX_Post-test"
"287","5aad4225811b2000016f6ed1","complete","ttapsa.wav","t2_ttapsa.wav","m","y",0,904.489999986254,1,NA,"hindi","8","B","1","AX_Post-test"
"288","5aad4225811b2000016f6ed1","complete","t2_gosta.wav","gosta.wav","y","y",1,1541.90000001108,1,NA,"hindi","13","B","0","AX_Post-test"
"289","5aad4225811b2000016f6ed1","complete","gosta.wav","t2_gostta.wav","m","m",1,992.729999998119,1,NA,"hindi","23","B","0","AX_Post-test"
"290","5aad4225811b2000016f6ed1","complete","ttapsa.wav","t2_ttapsa.wav","y","y",1,1693.8450000016,1,NA,"hindi","7","B","1","AX_Post-test"
"291","5aad4225811b2000016f6ed1","complete","t2_ttapsa.wav","tapsa.wav","m","m",1,1065.6799999997,1,NA,"hindi","11","B","1","AX_Post-test"
"292","5aad4225811b2000016f6ed1","complete","gosta.wav","t2_gostta.wav","m","m",1,1179.73999999231,1,NA,"hindi","24","B","0","AX_Post-test"
"293","5aad4225811b2000016f6ed1","complete","tapsa.wav","t2_tapsa.wav","y","y",1,1552.02000000281,1,NA,"hindi","2","B","1","AX_Post-test"
"294","5aad4225811b2000016f6ed1","complete","t2_gostta.wav","gosta.wav","m","m",1,752.619999984745,1,NA,"hindi","16","B","0","AX_Post-test"
"295","5aad4225811b2000016f6ed1","complete","ttapsa.wav","t2_ttapsa.wav","y","y",1,642.34999998007,1,NA,"hindi","9","B","1","AX_Post-test"
"296","5aad4225811b2000016f6ed1","complete","tapsa.wav","t2_ttapsa.wav","y","m",0,817.335000028834,1,NA,"hindi","5","B","1","AX_Post-test"
"297","5aad4225811b2000016f6ed1","complete","t2_gostta.wav","gostta.wav","m","y",0,1068.2449999731,1,NA,"hindi","20","B","0","AX_Post-test"
"298","5aad4225811b2000016f6ed1","complete","t2_gosta.wav","gosta.wav","m","y",0,1272.21000002464,1,NA,"hindi","15","B","0","AX_Post-test"
"299","5aad4225811b2000016f6ed1","complete","t2_ttapsa.wav","tapsa.wav","y","m",0,789.12000003038,1,NA,"hindi","12","B","1","AX_Post-test"
"300","5aad4225811b2000016f6ed1","complete","t2_gostta.wav","gostta.wav","y","y",1,1437.5149999978,1,NA,"hindi","21","B","0","AX_Post-test"
"301","5aad4225811b2000016f6ed1","complete","t2_ttapsa.wav","tapsa.wav","y","m",0,1502.25499999942,1,NA,"hindi","10","B","1","AX_Post-test"
"302","5aad4225811b2000016f6ed1","complete","gosta.wav","t2_gostta.wav","y","m",0,1638.48000002326,1,NA,"hindi","22","B","0","AX_Post-test"
"303","5aad4225811b2000016f6ed1","complete","tapsa.wav","t2_ttapsa.wav","y","m",0,1266.8999999878,1,NA,"hindi","6","B","1","AX_Post-test"
"304","5aad4225811b2000016f6ed1","complete","tapsa.wav","t2_tapsa.wav","y","y",1,1049.04500005068,1,NA,"hindi","1","B","1","AX_Post-test"
"305","5aad4225811b2000016f6ed1","complete","t2_gosta.wav","gosta.wav","m","y",0,1048.32499998156,1,NA,"hindi","14","B","0","AX_Post-test"
"306","5aad4225811b2000016f6ed1","complete","tapsa.wav","t2_tapsa.wav","y","y",1,879.985000006855,1,NA,"hindi","3","B","1","AX_Post-test"
"307","5aad4225811b2000016f6ed1","complete","t2_gostta.wav","gosta.wav","m","m",1,1385.98999998067,1,NA,"hindi","17","B","0","AX_Post-test"
"308","5aad4225811b2000016f6ed1","complete","tapsa.wav","t2_ttapsa.wav","y","m",0,891.145000001416,1,NA,"hindi","4","B","1","AX_Post-test"
"309","5aad4225811b2000016f6ed1","complete","t2_gostta.wav","gosta.wav","y","m",0,1083.47000001231,1,NA,"hindi","18","B","0","AX_Post-test"
"310","5b9ec2a99624180001131869","complete","tapsa.wav","t2_tapsa.wav","y","y",1,927,1,NA,"hindi","1","A","1","AX_Post-test"
"311","5b9ec2a99624180001131869","complete","t2_gosta.wav","gosta.wav","y","y",1,1525,1,NA,"hindi","14","A","0","AX_Post-test"
"312","5b9ec2a99624180001131869","complete","tapsa.wav","t2_tapsa.wav","y","y",1,813,1,NA,"hindi","3","A","1","AX_Post-test"
"313","5b9ec2a99624180001131869","complete","t2_gostta.wav","gosta.wav","y","m",0,1378,1,NA,"hindi","17","A","0","AX_Post-test"
"314","5b9ec2a99624180001131869","complete","tapsa.wav","t2_ttapsa.wav","y","m",0,786,1,NA,"hindi","4","A","1","AX_Post-test"
"315","5b9ec2a99624180001131869","complete","t2_gostta.wav","gosta.wav","y","m",0,1272,1,NA,"hindi","18","A","0","AX_Post-test"
"316","5b9ec2a99624180001131869","complete","t2_gosta.wav","gosta.wav","y","y",1,1823,1,NA,"hindi","15","A","0","AX_Post-test"
"317","5b9ec2a99624180001131869","complete","t2_ttapsa.wav","tapsa.wav","y","m",0,822,1,NA,"hindi","12","A","1","AX_Post-test"
"318","5b9ec2a99624180001131869","complete","t2_gostta.wav","gostta.wav","y","y",1,1124,1,NA,"hindi","21","A","0","AX_Post-test"
"319","5b9ec2a99624180001131869","complete","t2_ttapsa.wav","tapsa.wav","y","m",0,718,1,NA,"hindi","10","A","1","AX_Post-test"
"320","5b9ec2a99624180001131869","complete","gosta.wav","t2_gostta.wav","m","m",1,1828,1,NA,"hindi","22","A","0","AX_Post-test"
"321","5b9ec2a99624180001131869","complete","tapsa.wav","t2_ttapsa.wav","y","m",0,479,1,NA,"hindi","6","A","1","AX_Post-test"
"322","5b9ec2a99624180001131869","complete","gosta.wav","t2_gostta.wav","m","m",1,1169,1,NA,"hindi","24","A","0","AX_Post-test"
"323","5b9ec2a99624180001131869","complete","tapsa.wav","t2_tapsa.wav","m","y",0,1911,1,NA,"hindi","2","A","1","AX_Post-test"
"324","5b9ec2a99624180001131869","complete","t2_gostta.wav","gosta.wav","y","m",0,1770,1,NA,"hindi","16","A","0","AX_Post-test"
"325","5b9ec2a99624180001131869","complete","ttapsa.wav","t2_ttapsa.wav","y","y",1,869,1,NA,"hindi","9","A","1","AX_Post-test"
"326","5b9ec2a99624180001131869","complete","tapsa.wav","t2_ttapsa.wav","y","m",0,1139,1,NA,"hindi","5","A","1","AX_Post-test"
"327","5b9ec2a99624180001131869","complete","t2_gostta.wav","gostta.wav","y","y",1,1673,1,NA,"hindi","20","A","0","AX_Post-test"
"328","5b9ec2a99624180001131869","complete","t2_gostta.wav","gostta.wav","y","y",1,1379,1,NA,"hindi","19","A","0","AX_Post-test"
"329","5b9ec2a99624180001131869","complete","ttapsa.wav","t2_ttapsa.wav","y","y",1,1818,1,NA,"hindi","8","A","1","AX_Post-test"
"330","5b9ec2a99624180001131869","complete","t2_gosta.wav","gosta.wav","y","y",1,1650,1,NA,"hindi","13","A","0","AX_Post-test"
"331","5b9ec2a99624180001131869","complete","gosta.wav","t2_gostta.wav","m","m",1,1390,1,NA,"hindi","23","A","0","AX_Post-test"
"332","5b9ec2a99624180001131869","complete","ttapsa.wav","t2_ttapsa.wav","y","y",1,933,1,NA,"hindi","7","A","1","AX_Post-test"
"333","5b9ec2a99624180001131869","complete","t2_ttapsa.wav","tapsa.wav","y","m",0,1543,1,NA,"hindi","11","A","1","AX_Post-test"
"334","5afc4ab7bb36f900018ef256","complete","gosta.wav","t2_gostta.wav","y","m",0,1250.60500000836,1,NA,"hindi","24","A","0","AX_Post-test"
"335","5afc4ab7bb36f900018ef256","complete","tapsa.wav","t2_tapsa.wav","y","y",1,1006.94499998644,1,NA,"hindi","2","A","1","AX_Post-test"
"336","5afc4ab7bb36f900018ef256","complete","t2_gostta.wav","gosta.wav","y","m",0,1284.95000000112,1,NA,"hindi","16","A","0","AX_Post-test"
"337","5afc4ab7bb36f900018ef256","complete","ttapsa.wav","t2_ttapsa.wav","y","y",1,816.294999996899,1,NA,"hindi","9","A","1","AX_Post-test"
"338","5afc4ab7bb36f900018ef256","complete","tapsa.wav","t2_ttapsa.wav","y","m",0,974.434999996447,1,NA,"hindi","5","A","1","AX_Post-test"
"339","5afc4ab7bb36f900018ef256","complete","t2_gostta.wav","gostta.wav","y","y",1,1142.85999999265,1,NA,"hindi","20","A","0","AX_Post-test"
"340","5afc4ab7bb36f900018ef256","complete","t2_gostta.wav","gostta.wav","y","y",1,1172.34499999904,1,NA,"hindi","19","A","0","AX_Post-test"
"341","5afc4ab7bb36f900018ef256","complete","ttapsa.wav","t2_ttapsa.wav","y","y",1,1144.31499999773,1,NA,"hindi","8","A","1","AX_Post-test"
"342","5afc4ab7bb36f900018ef256","complete","t2_gosta.wav","gosta.wav","y","y",1,1429.17000000307,1,NA,"hindi","13","A","0","AX_Post-test"
"343","5afc4ab7bb36f900018ef256","complete","gosta.wav","t2_gostta.wav","y","m",0,1250.10000000475,1,NA,"hindi","23","A","0","AX_Post-test"
"344","5afc4ab7bb36f900018ef256","complete","ttapsa.wav","t2_ttapsa.wav","y","y",1,868.994999997085,1,NA,"hindi","7","A","1","AX_Post-test"
"345","5afc4ab7bb36f900018ef256","complete","t2_ttapsa.wav","tapsa.wav","y","m",0,1012.58499998949,1,NA,"hindi","11","A","1","AX_Post-test"
"346","5afc4ab7bb36f900018ef256","complete","t2_gosta.wav","gosta.wav","y","y",1,1453.65999999922,1,NA,"hindi","15","A","0","AX_Post-test"
"347","5afc4ab7bb36f900018ef256","complete","t2_ttapsa.wav","tapsa.wav","y","m",0,912.685000002966,1,NA,"hindi","12","A","1","AX_Post-test"
"348","5afc4ab7bb36f900018ef256","complete","t2_gostta.wav","gostta.wav","y","y",1,1309.44500000624,1,NA,"hindi","21","A","0","AX_Post-test"
"349","5afc4ab7bb36f900018ef256","complete","t2_ttapsa.wav","tapsa.wav","y","m",0,697.540000008303,1,NA,"hindi","10","A","1","AX_Post-test"
"350","5afc4ab7bb36f900018ef256","complete","gosta.wav","t2_gostta.wav","y","m",0,1229.69000000739,1,NA,"hindi","22","A","0","AX_Post-test"
"351","5afc4ab7bb36f900018ef256","complete","tapsa.wav","t2_ttapsa.wav","y","m",0,1021.28000000084,1,NA,"hindi","6","A","1","AX_Post-test"
"352","5afc4ab7bb36f900018ef256","complete","tapsa.wav","t2_tapsa.wav","y","y",1,951.589999996941,1,NA,"hindi","1","A","1","AX_Post-test"
"353","5afc4ab7bb36f900018ef256","complete","t2_gosta.wav","gosta.wav","y","y",1,1278.77499999886,1,NA,"hindi","14","A","0","AX_Post-test"
"354","5afc4ab7bb36f900018ef256","complete","tapsa.wav","t2_tapsa.wav","y","y",1,1051.2149999995,1,NA,"hindi","3","A","1","AX_Post-test"
"355","5afc4ab7bb36f900018ef256","complete","t2_gostta.wav","gosta.wav","y","m",0,1082.84000000276,1,NA,"hindi","17","A","0","AX_Post-test"
"356","5afc4ab7bb36f900018ef256","complete","tapsa.wav","t2_ttapsa.wav","y","m",0,909.239999993588,1,NA,"hindi","4","A","1","AX_Post-test"
"357","5afc4ab7bb36f900018ef256","complete","t2_gostta.wav","gosta.wav","y","m",0,1047.66999999993,1,NA,"hindi","18","A","0","AX_Post-test"
"358","5b60bbb75256470001bcd9a8","complete","tapsa.wav","t2_tapsa.wav","m","y",0,978.14500000095,1,NA,"hindi","1","B","1","AX_Post-test"
"359","5b60bbb75256470001bcd9a8","complete","t2_gosta.wav","gosta.wav","m","y",0,746.014999982435,1,NA,"hindi","14","B","0","AX_Post-test"
"360","5b60bbb75256470001bcd9a8","complete","tapsa.wav","t2_tapsa.wav","m","y",0,774.185000045691,1,NA,"hindi","3","B","1","AX_Post-test"
"361","5b60bbb75256470001bcd9a8","complete","t2_gostta.wav","gosta.wav","m","m",1,787.219999998342,1,NA,"hindi","17","B","0","AX_Post-test"
"362","5b60bbb75256470001bcd9a8","complete","tapsa.wav","t2_ttapsa.wav","m","m",1,1237.05500003416,1,NA,"hindi","4","B","1","AX_Post-test"
"363","5b60bbb75256470001bcd9a8","complete","t2_gostta.wav","gosta.wav","m","m",1,831.91499998793,1,NA,"hindi","18","B","0","AX_Post-test"
"364","5b60bbb75256470001bcd9a8","complete","t2_gostta.wav","gostta.wav","y","y",1,1672.94499999844,1,NA,"hindi","19","B","0","AX_Post-test"
"365","5b60bbb75256470001bcd9a8","complete","ttapsa.wav","t2_ttapsa.wav","m","y",0,2792.18500002753,1,NA,"hindi","8","B","1","AX_Post-test"
"366","5b60bbb75256470001bcd9a8","complete","t2_gosta.wav","gosta.wav","m","y",0,611.879999982193,1,NA,"hindi","13","B","0","AX_Post-test"
"367","5b60bbb75256470001bcd9a8","complete","gosta.wav","t2_gostta.wav","m","m",1,859.590000007302,1,NA,"hindi","23","B","0","AX_Post-test"
"368","5b60bbb75256470001bcd9a8","complete","ttapsa.wav","t2_ttapsa.wav","m","y",0,621.589999995194,1,NA,"hindi","7","B","1","AX_Post-test"
"369","5b60bbb75256470001bcd9a8","complete","t2_ttapsa.wav","tapsa.wav","m","m",1,591.539999993984,1,NA,"hindi","11","B","1","AX_Post-test"
"370","5b60bbb75256470001bcd9a8","complete","t2_gosta.wav","gosta.wav","m","y",0,564.354999980424,1,NA,"hindi","15","B","0","AX_Post-test"
"371","5b60bbb75256470001bcd9a8","complete","t2_ttapsa.wav","tapsa.wav","m","m",1,547.710000013467,1,NA,"hindi","12","B","1","AX_Post-test"
"372","5b60bbb75256470001bcd9a8","complete","t2_gostta.wav","gostta.wav","m","y",0,1102.45500004385,1,NA,"hindi","21","B","0","AX_Post-test"
"373","5b60bbb75256470001bcd9a8","complete","t2_ttapsa.wav","tapsa.wav","m","m",1,1488.82500000764,1,NA,"hindi","10","B","1","AX_Post-test"
"374","5b60bbb75256470001bcd9a8","complete","gosta.wav","t2_gostta.wav","m","m",1,1283.56499999063,1,NA,"hindi","22","B","0","AX_Post-test"
"375","5b60bbb75256470001bcd9a8","complete","tapsa.wav","t2_ttapsa.wav","m","m",1,986.420000030193,1,NA,"hindi","6","B","1","AX_Post-test"
"376","5b60bbb75256470001bcd9a8","complete","gosta.wav","t2_gostta.wav","y","m",0,2422.61000000872,1,NA,"hindi","24","B","0","AX_Post-test"
"377","5b60bbb75256470001bcd9a8","complete","tapsa.wav","t2_tapsa.wav","m","y",0,527.750000008382,1,NA,"hindi","2","B","1","AX_Post-test"
"378","5b60bbb75256470001bcd9a8","complete","t2_gostta.wav","gosta.wav","m","m",1,644.815000006929,1,NA,"hindi","16","B","0","AX_Post-test"
"379","5b60bbb75256470001bcd9a8","complete","ttapsa.wav","t2_ttapsa.wav","m","y",0,889.325000054669,1,NA,"hindi","9","B","1","AX_Post-test"
"380","5b60bbb75256470001bcd9a8","complete","tapsa.wav","t2_ttapsa.wav","m","m",1,968.600000021979,1,NA,"hindi","5","B","1","AX_Post-test"
"381","5b60bbb75256470001bcd9a8","complete","t2_gostta.wav","gostta.wav","m","y",0,1015.09499998065,1,NA,"hindi","20","B","0","AX_Post-test"
"382","565248ccfea9c60012c5cc62","complete","tapsa.wav","t2_tapsa.wav","m","y",0,1213.56999999989,1,NA,"hindi","1","B","1","AX_Post-test"
"383","565248ccfea9c60012c5cc62","complete","t2_gosta.wav","gosta.wav","m","y",0,2306.04499999936,1,NA,"hindi","14","B","0","AX_Post-test"
"384","565248ccfea9c60012c5cc62","complete","tapsa.wav","t2_tapsa.wav","m","y",0,1748.65500000124,1,NA,"hindi","3","B","1","AX_Post-test"
"385","565248ccfea9c60012c5cc62","complete","tapsa.wav","t2_ttapsa.wav","y","m",0,2862.92499999945,1,NA,"hindi","4","B","1","AX_Post-test"
"386","565248ccfea9c60012c5cc62","complete","t2_gostta.wav","gosta.wav","m","m",1,1620.10999999984,1,NA,"hindi","18","B","0","AX_Post-test"
"387","565248ccfea9c60012c5cc62","complete","gosta.wav","t2_gostta.wav","m","m",1,2084.27999999913,1,NA,"hindi","24","B","0","AX_Post-test"
"388","565248ccfea9c60012c5cc62","complete","tapsa.wav","t2_tapsa.wav","m","y",0,1428.63000000034,1,NA,"hindi","2","B","1","AX_Post-test"
"389","565248ccfea9c60012c5cc62","complete","ttapsa.wav","t2_ttapsa.wav","m","y",0,1541.92499999954,1,NA,"hindi","9","B","1","AX_Post-test"
"390","565248ccfea9c60012c5cc62","complete","tapsa.wav","t2_ttapsa.wav","y","m",0,2051.13999999958,1,NA,"hindi","5","B","1","AX_Post-test"
"391","565248ccfea9c60012c5cc62","complete","t2_gostta.wav","gostta.wav","y","y",1,1865.03500000072,1,NA,"hindi","20","B","0","AX_Post-test"
"392","565248ccfea9c60012c5cc62","complete","t2_gostta.wav","gostta.wav","y","y",1,2159.04999999837,1,NA,"hindi","19","B","0","AX_Post-test"
"393","565248ccfea9c60012c5cc62","complete","ttapsa.wav","t2_ttapsa.wav","m","y",0,1537.46000000136,1,NA,"hindi","8","B","1","AX_Post-test"
"394","565248ccfea9c60012c5cc62","complete","gosta.wav","t2_gostta.wav","m","m",1,2060.82000000059,1,NA,"hindi","23","B","0","AX_Post-test"
"395","565248ccfea9c60012c5cc62","complete","ttapsa.wav","t2_ttapsa.wav","m","y",0,1498.64500000147,1,NA,"hindi","7","B","1","AX_Post-test"
"396","565248ccfea9c60012c5cc62","complete","t2_ttapsa.wav","tapsa.wav","y","m",0,2776.72499999969,1,NA,"hindi","11","B","1","AX_Post-test"
"397","565248ccfea9c60012c5cc62","complete","t2_gosta.wav","gosta.wav","y","y",1,1763.81000000035,1,NA,"hindi","15","B","0","AX_Post-test"
"398","565248ccfea9c60012c5cc62","complete","t2_ttapsa.wav","tapsa.wav","y","m",0,1723.07999999975,1,NA,"hindi","12","B","1","AX_Post-test"
"399","565248ccfea9c60012c5cc62","complete","t2_gostta.wav","gostta.wav","y","y",1,1738.58999999904,1,NA,"hindi","21","B","0","AX_Post-test"
"400","565248ccfea9c60012c5cc62","complete","t2_ttapsa.wav","tapsa.wav","y","m",0,2460.15000000081,1,NA,"hindi","10","B","1","AX_Post-test"
"401","565248ccfea9c60012c5cc62","complete","gosta.wav","t2_gostta.wav","y","m",0,2892.38000000114,1,NA,"hindi","22","B","0","AX_Post-test"
"402","565248ccfea9c60012c5cc62","complete","tapsa.wav","t2_ttapsa.wav","m","m",1,1669.52500000116,1,NA,"hindi","6","B","1","AX_Post-test"
"403","5b291e8b8ccfef0001bdd651","complete","gosta.wav","t2_gostta.wav","y","m",0,1979.46999996202,1,NA,"hindi","24","B","0","AX_Post-test"
"404","5b291e8b8ccfef0001bdd651","complete","tapsa.wav","t2_tapsa.wav","m","y",0,1692.49500002479,1,NA,"hindi","2","B","1","AX_Post-test"
"405","5b291e8b8ccfef0001bdd651","complete","t2_gostta.wav","gosta.wav","m","m",1,1917.26000001654,1,NA,"hindi","16","B","0","AX_Post-test"
"406","5b291e8b8ccfef0001bdd651","complete","ttapsa.wav","t2_ttapsa.wav","m","y",0,1673.07000001892,1,NA,"hindi","9","B","1","AX_Post-test"
"407","5b291e8b8ccfef0001bdd651","complete","tapsa.wav","t2_ttapsa.wav","m","m",1,1695.78999996884,1,NA,"hindi","5","B","1","AX_Post-test"
"408","5b291e8b8ccfef0001bdd651","complete","t2_gostta.wav","gostta.wav","m","y",0,1630.22499997169,1,NA,"hindi","20","B","0","AX_Post-test"
"409","5b291e8b8ccfef0001bdd651","complete","t2_gostta.wav","gostta.wav","m","y",0,1525.98999999464,1,NA,"hindi","19","B","0","AX_Post-test"
"410","5b291e8b8ccfef0001bdd651","complete","ttapsa.wav","t2_ttapsa.wav","m","y",0,1397.52500003669,1,NA,"hindi","8","B","1","AX_Post-test"
"411","5b291e8b8ccfef0001bdd651","complete","t2_gosta.wav","gosta.wav","m","y",0,1887.95000000391,1,NA,"hindi","13","B","0","AX_Post-test"
"412","5b291e8b8ccfef0001bdd651","complete","gosta.wav","t2_gostta.wav","m","m",1,2052.49500001082,1,NA,"hindi","23","B","0","AX_Post-test"
"413","5b291e8b8ccfef0001bdd651","complete","ttapsa.wav","t2_ttapsa.wav","m","y",0,1569.49999998324,1,NA,"hindi","7","B","1","AX_Post-test"
"414","5b291e8b8ccfef0001bdd651","complete","t2_ttapsa.wav","tapsa.wav","m","m",1,1398.51999998791,1,NA,"hindi","11","B","1","AX_Post-test"
"415","5b291e8b8ccfef0001bdd651","complete","t2_gosta.wav","gosta.wav","m","y",0,1541.72500001732,1,NA,"hindi","15","B","0","AX_Post-test"
"416","5b291e8b8ccfef0001bdd651","complete","t2_ttapsa.wav","tapsa.wav","m","m",1,1438.46500001382,1,NA,"hindi","12","B","1","AX_Post-test"
"417","5b291e8b8ccfef0001bdd651","complete","t2_gostta.wav","gostta.wav","y","y",1,2513.7199999881,1,NA,"hindi","21","B","0","AX_Post-test"
"418","5b291e8b8ccfef0001bdd651","complete","t2_ttapsa.wav","tapsa.wav","m","m",1,1626.63999997312,1,NA,"hindi","10","B","1","AX_Post-test"
"419","5b291e8b8ccfef0001bdd651","complete","gosta.wav","t2_gostta.wav","y","m",0,1982.51999996137,1,NA,"hindi","22","B","0","AX_Post-test"
"420","5b291e8b8ccfef0001bdd651","complete","tapsa.wav","t2_ttapsa.wav","m","m",1,2079.02000000468,1,NA,"hindi","6","B","1","AX_Post-test"
"421","5b291e8b8ccfef0001bdd651","complete","tapsa.wav","t2_tapsa.wav","m","y",0,1515.03499998944,1,NA,"hindi","1","B","1","AX_Post-test"
"422","5b291e8b8ccfef0001bdd651","complete","t2_gosta.wav","gosta.wav","m","y",0,1948.22000002023,1,NA,"hindi","14","B","0","AX_Post-test"
"423","5b291e8b8ccfef0001bdd651","complete","tapsa.wav","t2_tapsa.wav","y","y",1,2425.30000000261,1,NA,"hindi","3","B","1","AX_Post-test"
"424","5b291e8b8ccfef0001bdd651","complete","t2_gostta.wav","gosta.wav","y","m",0,2628.54499998502,1,NA,"hindi","17","B","0","AX_Post-test"
"425","5b291e8b8ccfef0001bdd651","complete","tapsa.wav","t2_ttapsa.wav","m","m",1,1641.92500000354,1,NA,"hindi","4","B","1","AX_Post-test"
"426","5b291e8b8ccfef0001bdd651","complete","t2_gostta.wav","gosta.wav","m","m",1,2437.35500000184,1,NA,"hindi","18","B","0","AX_Post-test"
"427","5b9d3b7e1b99540001d790c0","complete","tapsa.wav","t2_tapsa.wav","m","y",0,1021.62500005215,1,NA,"hindi","1","B","1","AX_Post-test"
"428","5b9d3b7e1b99540001d790c0","complete","t2_gosta.wav","gosta.wav","m","y",0,1552.72000003606,1,NA,"hindi","14","B","0","AX_Post-test"
"429","5b9d3b7e1b99540001d790c0","complete","tapsa.wav","t2_tapsa.wav","m","y",0,1124.5699999854,1,NA,"hindi","3","B","1","AX_Post-test"
"430","5b9d3b7e1b99540001d790c0","complete","t2_gostta.wav","gosta.wav","m","m",1,1116.70000001322,1,NA,"hindi","17","B","0","AX_Post-test"
"431","5b9d3b7e1b99540001d790c0","complete","tapsa.wav","t2_ttapsa.wav","m","m",1,825.589999905787,1,NA,"hindi","4","B","1","AX_Post-test"
"432","5b9d3b7e1b99540001d790c0","complete","t2_gostta.wav","gosta.wav","m","m",1,1175.17499998212,1,NA,"hindi","18","B","0","AX_Post-test"
"433","5b9d3b7e1b99540001d790c0","complete","t2_gostta.wav","gostta.wav","y","y",1,2481.21999995783,1,NA,"hindi","19","B","0","AX_Post-test"
"434","5b9d3b7e1b99540001d790c0","complete","ttapsa.wav","t2_ttapsa.wav","m","y",0,1007.42000003811,1,NA,"hindi","8","B","1","AX_Post-test"
"435","5b9d3b7e1b99540001d790c0","complete","t2_gosta.wav","gosta.wav","m","y",0,1257.54000002053,1,NA,"hindi","13","B","0","AX_Post-test"
"436","5b9d3b7e1b99540001d790c0","complete","gosta.wav","t2_gostta.wav","m","m",1,1052.02500009909,1,NA,"hindi","23","B","0","AX_Post-test"
"437","5b9d3b7e1b99540001d790c0","complete","ttapsa.wav","t2_ttapsa.wav","m","y",0,2748.68499999866,1,NA,"hindi","7","B","1","AX_Post-test"
"438","5b9d3b7e1b99540001d790c0","complete","t2_ttapsa.wav","tapsa.wav","m","m",1,812.090000021271,1,NA,"hindi","11","B","1","AX_Post-test"
"439","5b9d3b7e1b99540001d790c0","complete","t2_gosta.wav","gosta.wav","m","y",0,1080.21499996539,1,NA,"hindi","15","B","0","AX_Post-test"
"440","5b9d3b7e1b99540001d790c0","complete","t2_ttapsa.wav","tapsa.wav","y","m",0,782.314999960363,1,NA,"hindi","12","B","1","AX_Post-test"
"441","5b9d3b7e1b99540001d790c0","complete","t2_gostta.wav","gostta.wav","y","y",1,1401.30000002682,1,NA,"hindi","21","B","0","AX_Post-test"
"442","5b9d3b7e1b99540001d790c0","complete","t2_ttapsa.wav","tapsa.wav","y","m",0,1323.35500000045,1,NA,"hindi","10","B","1","AX_Post-test"
"443","5b9d3b7e1b99540001d790c0","complete","gosta.wav","t2_gostta.wav","m","m",1,2506.5450000111,1,NA,"hindi","22","B","0","AX_Post-test"
"444","5b9d3b7e1b99540001d790c0","complete","tapsa.wav","t2_ttapsa.wav","m","m",1,1743.62500000279,1,NA,"hindi","6","B","1","AX_Post-test"
"445","5b9d3b7e1b99540001d790c0","complete","gosta.wav","t2_gostta.wav","m","m",1,1428.61499998253,1,NA,"hindi","24","B","0","AX_Post-test"
"446","5b9d3b7e1b99540001d790c0","complete","tapsa.wav","t2_tapsa.wav","m","y",0,921.914999955334,1,NA,"hindi","2","B","1","AX_Post-test"
"447","5b9d3b7e1b99540001d790c0","complete","t2_gostta.wav","gosta.wav","m","m",1,1358.34000003524,1,NA,"hindi","16","B","0","AX_Post-test"
"448","5b9d3b7e1b99540001d790c0","complete","ttapsa.wav","t2_ttapsa.wav","m","y",0,1065.8350000158,1,NA,"hindi","9","B","1","AX_Post-test"
"449","5b9d3b7e1b99540001d790c0","complete","tapsa.wav","t2_ttapsa.wav","m","m",1,1589.51499999966,1,NA,"hindi","5","B","1","AX_Post-test"
"450","5b9d3b7e1b99540001d790c0","complete","t2_gostta.wav","gostta.wav","y","y",1,1603.32500003278,1,NA,"hindi","20","B","0","AX_Post-test"
"451","5bcf32414f47870001b43945","complete","tapsa.wav","t2_tapsa.wav","y","y",1,664.41000001214,1,NA,"hindi","1","A","1","AX_Post-test"
"452","5bcf32414f47870001b43945","complete","t2_gosta.wav","gosta.wav","m","y",0,1428.47499999334,1,NA,"hindi","14","A","0","AX_Post-test"
"453","5bcf32414f47870001b43945","complete","tapsa.wav","t2_tapsa.wav","m","y",0,1071.28499999817,1,NA,"hindi","3","A","1","AX_Post-test"
"454","5bcf32414f47870001b43945","complete","t2_gostta.wav","gosta.wav","m","m",1,952.564999999595,1,NA,"hindi","17","A","0","AX_Post-test"
"455","5bcf32414f47870001b43945","complete","tapsa.wav","t2_ttapsa.wav","m","m",1,987.119999990682,1,NA,"hindi","4","A","1","AX_Post-test"
"456","5bcf32414f47870001b43945","complete","t2_gostta.wav","gosta.wav","y","m",0,1046.24999999942,1,NA,"hindi","18","A","0","AX_Post-test"
"457","5bcf32414f47870001b43945","complete","t2_gostta.wav","gostta.wav","m","y",0,1846.1849999876,1,NA,"hindi","19","A","0","AX_Post-test"
"458","5bcf32414f47870001b43945","complete","ttapsa.wav","t2_ttapsa.wav","m","y",0,1514.42500000121,1,NA,"hindi","8","A","1","AX_Post-test"
"459","5bcf32414f47870001b43945","complete","t2_gosta.wav","gosta.wav","m","y",0,321.38500000292,1,NA,"hindi","13","A","0","AX_Post-test"
"460","5bcf32414f47870001b43945","complete","gosta.wav","t2_gostta.wav","m","m",1,485.424999991665,1,NA,"hindi","23","A","0","AX_Post-test"
"461","5bcf32414f47870001b43945","complete","ttapsa.wav","t2_ttapsa.wav","m","y",0,996.174999992945,1,NA,"hindi","7","A","1","AX_Post-test"
"462","5bcf32414f47870001b43945","complete","t2_ttapsa.wav","tapsa.wav","m","m",1,1463.7650000077,1,NA,"hindi","11","A","1","AX_Post-test"
"463","5bcf32414f47870001b43945","complete","gosta.wav","t2_gostta.wav","m","m",1,976.509999993141,1,NA,"hindi","24","A","0","AX_Post-test"
"464","5bcf32414f47870001b43945","complete","tapsa.wav","t2_tapsa.wav","y","y",1,732.275000002119,1,NA,"hindi","2","A","1","AX_Post-test"
"465","5bcf32414f47870001b43945","complete","t2_gostta.wav","gosta.wav","m","m",1,1154.2599999957,1,NA,"hindi","16","A","0","AX_Post-test"
"466","5bcf32414f47870001b43945","complete","ttapsa.wav","t2_ttapsa.wav","m","y",0,1109.84000000462,1,NA,"hindi","9","A","1","AX_Post-test"
"467","5bcf32414f47870001b43945","complete","tapsa.wav","t2_ttapsa.wav","m","m",1,856.064999999944,1,NA,"hindi","5","A","1","AX_Post-test"
"468","5bcf32414f47870001b43945","complete","t2_gostta.wav","gostta.wav","y","y",1,1338.39500001341,1,NA,"hindi","20","A","0","AX_Post-test"
"469","5bcf32414f47870001b43945","complete","t2_gosta.wav","gosta.wav","m","y",0,1186.12000001303,1,NA,"hindi","15","A","0","AX_Post-test"
"470","5bcf32414f47870001b43945","complete","t2_ttapsa.wav","tapsa.wav","y","m",0,822.190000006231,1,NA,"hindi","12","A","1","AX_Post-test"
"471","5bcf32414f47870001b43945","complete","t2_gostta.wav","gostta.wav","y","y",1,1275.62499999476,1,NA,"hindi","21","A","0","AX_Post-test"
"472","5bcf32414f47870001b43945","complete","t2_ttapsa.wav","tapsa.wav","y","m",0,1004.17000000016,1,NA,"hindi","10","A","1","AX_Post-test"
"473","5bcf32414f47870001b43945","complete","gosta.wav","t2_gostta.wav","m","m",1,1159.17499999341,1,NA,"hindi","22","A","0","AX_Post-test"
"474","5bcf32414f47870001b43945","complete","tapsa.wav","t2_ttapsa.wav","m","m",1,1483.54999998992,1,NA,"hindi","6","A","1","AX_Post-test"
